id,name
10865436,dypsilon__frontend_dev_bookmarks
18708860,tiimgreen__github_cheat_sheet
46629305,NARKOZ__hacker_scripts
28428729,wasabeef__awesome_android_ui
1334369,resume__resume.github.com
3402537,h5bp__Front_end_Developer_Interview_Questions
3065454,impress__impress.js
3544424,jkbrzt__httpie
21600440,bayandin__awesome_awesomeness
211666,nodejs__node_v0.x_archive
486550,h5bp__html5_boilerplate
15204860,papers_we_love__papers_we_love
2561582,daneden__animate.css
33614304,nvbn__thefuck
349241,jashkenas__underscore
1631024,harvesthq__chosen
317757,Modernizr__Modernizr
1700621,necolas__normalize.css
1844251,tastejs__todomvc
1129010,blueimp__jQuery_File_Upload
952189,jashkenas__backbone
15653276,Trinea__android_open_project
2500088,gitlabhq__gitlabhq
21289110,vinta__awesome_python
557980,socketio__socket.io
35955666,jlevy__the_art_of_command_line
237159,expressjs__express
14370955,sahat__hackathon_starter
943149,d3__d3
22362099,johnpapa__angular_styleguide
1861458,hakimel__reveal.js
19415064,open_source_society__computer_science
56717493,joshbuchea__HEAD
698041,caolan__async
1380117,getlantern__lantern
18408635,chrislgarry__Apollo_11
167174,jquery__jquery
11167738,gulpjs__gulp
2935735,adobe__brackets
3100121,nwjs__nw.js
1828795,AFNetworking__AFNetworking
9852918,TryGhost__Ghost
1200050,ariya__phantomjs
29268051,google__material_design_lite
156018,antirez__redis
3620194,select2__select2
9309093,Semantic_Org__Semantic_UI
7508411,ReactiveX__RxJava
14440270,getify__You_Dont_Know_JS
23974149,Dogfalo__materialize
1362490,kennethreitz__requests
3470471,FortAwesome__Font_Awesome
596892,pallets__flask
7569578,discourse__discourse
22458259,Alamofire__Alamofire
25315643,nylas__N1
16408992,neovim__neovim
3955647,lodash__lodash
23096959,golang__go
24560307,babel__babel
1424470,moment__moment
3214406,meteor__meteor
8843683,chartjs__Chart.js
3228505,atom__atom
11730342,vuejs__vue
2573058,zurb__foundation_sites
3678731,webpack__webpack
65252,jekyll__jekyll
6498492,airbnb__javascript
36535156,reactjs__redux
44838949,apple__swift
12256376,driftyco__ionic
1039520,rg3__youtube_dl
21737465,sindresorhus__awesome
291137,robbyrussell__oh_my_zsh
507775,elastic__elasticsearch
1062897,github__gitignore
13491895,vhf__free_programming_books
41881900,Microsoft__vscode
1863329,laravel__laravel
460078,angular__angular.js
24195339,angular__angular
2126244,twbs__bootstrap
9384267,electron__electron
28457823,FreeCodeCamp__FreeCodeCamp
10270250,facebook__react
576201,mrdoob__three.js
23083156,callemall__material_ui
3638964,ansible__ansible
27193779,nodejs__node
45717250,tensorflow__tensorflow
8514,rails__rails
7691631,docker__docker
29028775,facebook__react_native
4164482,django__django
724712,rust_lang__rust
20580498,kubernetes__kubernetes
