id	username
0	ReadmeCritic
1	Nightonke
2	wasabeef
3	xu6148152
4	ypresto
5	vcalvello
6	leoruhland
7	sachin1092
8	ogaclejapan
9	code.falling@gamil.com
10	magiepooh
11	Shinelw
12	mlemay@universcine.com
13	SundeepK
14	diogobernardino
15	IsseiAoki
16	ahmedrizwan
17	1ClickComputing
18	ogata_masaki@cyberagent.co.jp
19	yqritc
20	Poeschl
21	h6ah4i
22	pa1pal
23	DionSegijn
24	tasomaniac
25	EyalBira
26	roughike
27	tyorikan
28	amaboura
29	championswimmer
30	chemouna
31	kayvannj
32	alhazmy13
33	knoware
34	kscjswo123
35	happyTomatoe80
36	ErickDaniel
37	JackLauu
38	danielgomezrico
39	AlexanderThiele
40	mr-cpp
41	alphapersian
42	ugurcany
43	jjoe64
